{
  "Locations": [
    {
      "Name": "Frederick",
      "Lat": 40.1183044,
      "Long": -104.9758078
    },
    {
      "Name": "Ft Lauderdale",
      "Lat": 26.242037,
      "Long": -80.131033
    }
  ] 
}